Phone Model,Price,Rating
"realme Narzo 20 (Glory Silver, 64 GB)","₹10,499",4.3
"REDMI 9 Power (Electric Green, 64 GB)","₹9,999",4.3
"REDMI 9 Power (Mighty Black, 64 GB)","₹9,999",4.3
"POCO M3 (Power Black, 128 GB)","₹11,999",4.3
"realme Narzo 20 (Victory Blue, 128 GB)","₹11,499",4.3
"POCO M3 (Cool Blue, 64 GB)","₹10,999",4.3
"REDMI Note 9 (Pebble Grey, 64 GB)","₹10,999",4.4
"realme C25 (Watery Blue, 64 GB)","₹9,499",4.5
"OPPO A33 (Moonlight Black, 32 GB)","₹10,990",4.3
"OPPO A53 (Mint Cream, 128 GB)","₹12,990",4.4
"Infinix Hot 10 (Ocean Wave, 128 GB)","₹10,999",4.3
"Infinix Hot 10 (Amber Red, 128 GB)","₹10,999",4.3
"REDMI 9 Power (Blazing Blue, 64 GB)","₹9,999",4.3
"OPPO A12 (Flowing Silver, 64 GB)","₹9,990",4.4
"OPPO A12 (Deep Blue, 64 GB)","₹9,990",4.4
"REDMI 9 Power (Fiery Red, 64 GB)","₹9,999",4.3
"POCO X3 (Cobalt Blue, 64 GB)","₹14,999",4.4
"SAMSUNG Galaxy F12 (Celestial Black, 64 GB)","₹10,999",4.2
"OPPO A53 (Moonlight Black, 64 GB)","₹15,990",4.5
"Infinix Hot 10 (Moonlight Jade, 128 GB)","₹10,999",4.3
"Infinix Hot 10 (Obsidian Black, 128 GB)","₹10,999",4.3
"realme 8 5G (Supersonic Black, 128 GB)","₹14,999",4.3
"OPPO A33 (Mint Cream, 32 GB)","₹10,990",4.3
"realme C25 (Watery Grey, 128 GB)","₹10,499",4.5
"realme C25 (Watery Blue, 128 GB)","₹10,499",4.5
"OPPO A33 (Mint Cream, 32 GB)","₹10,990",4.3
"realme C25 (Watery Grey, 128 GB)","₹10,499",4.5
"realme Narzo 20 (Glory Silver, 128 GB)","₹11,499",4.3
"SAMSUNG Galaxy F12 (Sky Blue, 128 GB)","₹11,999",4.2
"OPPO A53s 5G (Crystal Blue, 128 GB)","₹14,990",4.3
"OPPO A53s 5G (Ink Black, 128 GB)","₹14,990",4.3
"MOTOROLA G40 Fusion (Frosted Champagne, 64 GB)","₹13,999",4.3
"SAMSUNG Galaxy F41 (Fusion Black, 128 GB)","₹14,499",4.3
"SAMSUNG Galaxy F41 (Fusion Green, 128 GB)","₹14,499",4.3
"POCO M3 (Cool Blue, 128 GB)","₹11,999",4.3
"MOTOROLA G10 Power (Aurora Grey, 64 GB)","₹9,999",4.1
"SAMSUNG Galaxy F12 (Sea Green, 128 GB)","₹11,999",4.2
"REDMI Note 9 (Aqua Green, 64 GB)","₹10,999",4.4
"POCO M3 (Power Black, 64 GB)","₹10,999",4.3
"SAMSUNG Galaxy F41 (Fusion Blue, 128 GB)","₹14,499",4.3
"realme C25 (Watery Grey, 64 GB)","₹9,499",4.5
"POCO M2 (Pitch Black, 64 GB)","₹10,499",4.3
"SAMSUNG Galaxy F12 (Sky Blue, 64 GB)","₹10,999",4.2
"POCO M3 (Yellow, 64 GB)","₹10,999",4.3
"POCO M2 Pro (Green and Greener, 64 GB)","₹12,999",4.4
"ViVO Y91i (Ocean Blue, 32 GB)","₹7,990",4.3
"REDMI Note 9 (Arctic White, 64 GB)","₹10,999",4.4
"POCO M3 (Yellow, 128 GB)","₹11,999",4.3
"realme 8 5G (Supersonic Black, 64 GB)","₹13,999",4.3
"realme 8 5G (Supersonic Blue, 64 GB)","₹13,999",4.3
"Infinix Hot 10S (95° Black, 64 GB)","₹10,999",4.6
"realme 8 (Cyber Silver, 128 GB)","₹14,999",4.3
"realme 8 (Cyber Black, 128 GB)","₹14,999",4.3
"ViVO Y91i (Fusion Black, 32 GB)","₹7,990",4.3
"ViVO Y20G (Purist Blue, 64 GB)","₹12,990",4.3
"Redmi 9 (Sky Blue, 64 GB)","₹8,907",4.2
"REDMI 9 Power (Mighty Black, 128 GB)","₹12,999",4.3
"POCO M2 (Slate Blue, 128 GB)","₹11,499",4.3
"ViVO Y20G (Obsidian Black, 128 GB)","₹14,990",4.3
"ViVO Y20G (Obsidian Black, 64 GB)","₹12,990",4.3
"SAMSUNG Galaxy M12 (Blue, 64 GB)","₹11,282",4.2
"MOTOROLA G30 (Dark Pearl, 64 GB)","₹10,999",4
"ViVO Y20A (Nebula Blue, 64 GB)","₹11,490",4.4
"ViVO V2033 / V2069 (Glacier Blue, 32 GB)","₹10,389",4.3
"POCO M2 (Pitch Black, 128 GB)","₹11,499",4.3
"SAMSUNG Galaxy M12 (White, 64 GB)","₹11,258",4.2
"REDMI Note 9 (Pebble Grey, 128 GB)","₹12,999",4.4
"POCO X3 (Shadow Gray, 64 GB)","₹14,999",4.4
"Infinix Hot 10S (Heart Of Ocean, 64 GB)","₹10,999",4.6
"Infinix Hot 10S (Morandi Green, 64 GB)","₹10,999",4.6
"REDMI 9 Power (Mighty Black, 128 GB)","₹11,999",4.3
"ViVO Y20G (Purist Blue, 128 GB)","₹14,990",4.3
"SAMSUNG Galaxy F12 (Sea Green, 64 GB)","₹10,999",4.2
"REDMI 9 Power (Blazing Blue, 128 GB)","₹12,999",4.3
"REDMI 9 Prime (Matte Black, 64 GB)","₹9,999",4.4
"REDMI Note 9 (Arctic White, 128 GB)","₹12,999",4.4
"SAMSUNG Galaxy M12 (Black, 64 GB)","₹11,185",4.2
"ViVO Y20A (Dawn White, 64 GB)","₹11,490",4.4
"REDMI Note 10 (Shadow Black, 64 GB)","₹13,181",4.3
"ViVO Y30 (Emerald Black, 128 GB)","₹13,990",4.3
"realme 7i (Fusion Green, 128 GB)","₹12,999",4.3
"realme 7i (Fusion Green, 64 GB)","₹11,999",4.3
"OPPO A31 (Fantasy White, 64 GB)","₹11,919",4.3
"OPPO A31 (Lake Green, 64 GB)","₹11,149",4.3
"OPPO A15S (Rainbow Silver, 64 GB)","₹11,490",4.3
"REDMI 9 Power (Electric Green, 128 GB)","₹12,999",4.3
"ViVO Y11 (Mineral Blue, 32 GB)","₹9,490",4.4
"ViVO Y11 (Agate Red, 32 GB)","₹9,490",4.4
"SAMSUNG Galaxy A21s (Blue, 64 GB)","₹12,999",4.2
"SAMSUNG Galaxy M11 (Black, 64 GB)","₹10,262",4.3
"OPPO A31 (Mystery Black, 64 GB)","₹11,999",4.3
"Tecno Spark 6 Go (Aqua Blue, 64 GB)","₹8,699",4.3
"OPPO A15s (Dynamic Black, 64 GB)","₹11,490",4.3
"SAMSUNG Galaxy F12 (Celestial Black, 128 GB)","₹11,999",4.2
"realme Narzo 20 Pro (Black Ninja, 64 GB)","₹14,999",4.3
"REDMI Note 10 (Frost White, 64 GB)","₹13,982",4.3
"ViVO Y20i (Nebula Blue, 64 GB)","₹11,490",4.4
"MOTOROLA G9 Power (Electric Violet, 64 GB)","₹11,999",4.1
"OPPO A31 (Mystery Black, 128 GB)","₹12,469",4.3
"REDMI 9i (Nature Green, 128 GB)","₹9,299",4.3
